{"cameraMode":{"drawMode":0,"name":"Shaded","section":"Shading Mode"},"sceneLighting":true,"audioPlay":false,"sceneViewState":{"showFog":true,"showMaterialUpdate":true,"showSkybox":true,"showFlares":true,"showImageEffects":true,"showParticleSystems":true},"in2DMode":false,"pivot":{"x":-26.013856887817384,"y":-38.653228759765628,"z":51.400001525878909},"rotation":{"x":-0.008997577242553234,"y":-0.02249729633331299,"z":-0.0002023780398303643,"w":0.9997064471244812},"size":224.928466796875,"orthographic":true}