{"cameraMode":{"drawMode":0,"name":"Shaded","section":"Shading Mode"},"sceneLighting":false,"audioPlay":false,"sceneViewState":{"showFog":true,"showMaterialUpdate":true,"showSkybox":true,"showFlares":true,"showImageEffects":true,"showParticleSystems":true},"in2DMode":false,"pivot":{"x":-1.3228803873062134,"y":3.812548875808716,"z":-0.14163090288639069},"rotation":{"x":-0.008998142555356026,"y":-0.019498078152537347,"z":-0.00017538442625664175,"w":0.999769389629364},"size":5.474623203277588,"orthographic":true}