{"cameraMode":{"drawMode":0,"name":"Shaded","section":"Shading Mode"},"sceneLighting":false,"audioPlay":false,"sceneViewState":{"showFog":true,"showMaterialUpdate":true,"showSkybox":true,"showFlares":true,"showImageEffects":true,"showParticleSystems":true},"in2DMode":false,"pivot":{"x":0.22100001573562623,"y":-1.496000051498413,"z":0.0},"rotation":{"x":-0.008998142555356026,"y":-0.019498078152537347,"z":-0.00017538442625664175,"w":0.999769389629364},"size":4.843879222869873,"orthographic":true}