{"cameraMode":{"drawMode":0,"name":"Shaded","section":"Shading Mode"},"sceneLighting":false,"audioPlay":false,"sceneViewState":{"showFog":true,"showMaterialUpdate":true,"showSkybox":true,"showFlares":true,"showImageEffects":true,"showParticleSystems":true},"in2DMode":false,"pivot":{"x":223.91954040527345,"y":216.05245971679688,"z":0.0},"rotation":{"x":-0.008999848738312722,"y":-0.00149999326094985,"z":0.000013498136468115263,"w":-0.9999583959579468},"size":842.6749877929688,"orthographic":true}