{"cameraMode":{"drawMode":0,"name":"Shaded","section":"Shading Mode"},"sceneLighting":true,"audioPlay":false,"sceneViewState":{"showFog":true,"showMaterialUpdate":true,"showSkybox":true,"showFlares":true,"showImageEffects":true,"showParticleSystems":true},"in2DMode":false,"pivot":{"x":31.40998077392578,"y":20.71954345703125,"z":16.109664916992189},"rotation":{"x":-0.008998142555356026,"y":-0.019498078152537347,"z":-0.00017538442625664175,"w":0.999769389629364},"size":45.18537139892578,"orthographic":true}